{
  "project_info": {
    "project_number": "214846205695",
    "firebase_url": "https://room-lovely-favorites-places.firebaseio.com",
    "project_id": "room-lovely-favorites-places",
    "storage_bucket": "room-lovely-favorites-places.appspot.com"
  },
  "client": [
    {
      "client_info": {
        "mobilesdk_app_id": "1:214846205695:android:91b70cb7d326b028",
        "android_client_info": {
          "package_name": "com.eliorcohen123456.locationprojectroom"
        }
      },
      "oauth_client": [
        {
          "client_id": "214846205695-gitic073q4eu74udmq942upr7cgqb179.apps.googleusercontent.com",
          "client_type": 3
        }
      ],
      "api_key": [
        {
          "current_key": "AIzaSyB7NjHOiWmOs7QJEamkfOErTK_lvePl6jk"
        }
      ],
      "services": {
        "analytics_service": {
          "status": 1
        },
        "appinvite_service": {
          "status": 1,
          "other_platform_oauth_client": []
        },
        "ads_service": {
          "status": 2
        }
      }
    }
  ],
  "configuration_version": "1"
}